{"train/train_loss": NaN, "train/train_acc": 0.643507301420994, "val/val_loss": NaN, "val/val_acc": 0.6446627373935822, "_timestamp": 1687536950.836484, "test/test_loss": NaN, "test/test_acc": 0.6400785854616896, "_runtime": 77.98284387588501, "_step": 1, "_wandb": {"runtime": 77}}