{"train/train_loss": 0.44193197337275775, "train/train_acc": 0.9220509910067232, "val/val_loss": 0.4529413419465224, "val/val_acc": 0.9071381794368042, "_timestamp": 1690508071.8219914, "_runtime": 10988.22525048256, "_step": 37, "test/test_loss": 0.4477391610542933, "test/test_acc": 0.9133053954950235, "test/test_precision": 0.8931711316108704, "test/test_recall": 0.9149240851402283, "test/test_f1": 0.9133724570274353}