{"train/train_loss": NaN, "train/train_acc": 0.6413299718420535, "val/val_loss": NaN, "val/val_acc": 0.6530451866404715, "_timestamp": 1687796433.9955258, "test/test_loss": NaN, "test/test_acc": 0.6472822527832351, "_runtime": 248.78208589553833, "_step": 1, "_wandb": {"runtime": 248}}