{"train/train_loss": 0.4396068412165402, "train/train_acc": 0.9247358770627783, "val/val_loss": 0.45273723527789117, "val/val_acc": 0.906090373280943, "_timestamp": 1690899375.8344748, "_runtime": 13709.896313905716, "_step": 39, "test/test_loss": 0.45183611164490384, "test/test_acc": 0.9080670508119434, "test/test_precision": 0.8903751969337463, "test/test_recall": 0.9083903431892395, "test/test_f1": 0.9081641435623169, "_wandb": {"runtime": 13709}}