{"train/train_loss": 0.4747500171471839, "train/train_acc": 0.8775272989211401, "val/val_loss": 0.4674527674913406, "val/val_acc": 0.8873608382449247, "_timestamp": 1689786174.3786733, "_runtime": 985.4852802753448, "_step": 3, "test/test_loss": 0.4651601095994314, "test/test_acc": 0.8903876375065479, "test/test_precision": 0.8650690317153931, "test/test_recall": 0.8875337243080139, "test/test_f1": 0.8901289701461792, "_wandb": {"runtime": 984}}