{"train/train_loss": 0.4426643358096064, "train/train_acc": 0.9203483803370296, "val/val_loss": 0.4499143938223521, "val/val_acc": 0.9108055009823183, "_timestamp": 1690332170.1218348, "_runtime": 12132.993260860443, "_step": 35, "test/test_loss": 0.45490865459044777, "test/test_acc": 0.9038763750654794, "test/test_precision": 0.8915102481842041, "test/test_recall": 0.9001115560531616, "test/test_f1": 0.903854250907898}