{"train/train_loss": 0.44485262710621903, "train/train_acc": 0.9181437178031957, "val/val_loss": 0.45070264488458633, "val/val_acc": 0.9107400130975769, "_timestamp": 1690885413.2943537, "_runtime": 1251.309372663498, "_step": 26}