{"train/train_loss": 0.442288448440962, "train/train_acc": 0.9214834541168253, "val/val_loss": 0.451399860282739, "val/val_acc": 0.9085789129011133, "_timestamp": 1690358836.5291924, "_runtime": 11680.858951330185, "_step": 35, "test/test_loss": 0.448665427416563, "test/test_acc": 0.911013619696176, "test/test_precision": 0.8991403579711914, "test/test_recall": 0.9060815572738647, "test/test_f1": 0.9110938310623169}