{"train/train_loss": 0.4413284232330056, "train/train_acc": 0.922465729503187, "val/val_loss": 0.45233196541666987, "val/val_acc": 0.908316961362148, "_timestamp": 1691030192.1440592, "_runtime": 11462.656248092651, "_step": 34, "test/test_loss": 0.44758979255954423, "test/test_acc": 0.9136327920377161, "test/test_precision": 0.9029844403266907, "test/test_recall": 0.9074644446372986, "test/test_f1": 0.9132682681083679, "_wandb": {"runtime": 11461}}