{"train/train_loss": NaN, "train/train_acc": 0.6421976294938118, "val/val_loss": NaN, "val/val_acc": 0.6432220039292731, "_timestamp": 1688565738.303534, "test/test_loss": NaN, "test/test_acc": 0.6483300589390962, "_runtime": 184.5865340232849, "_step": 1, "_wandb": {"runtime": 183}}