{"train/train_loss": 0.4446815400483222, "train/train_acc": 0.9176853226228936, "val/val_loss": 0.4526395507156849, "val/val_acc": 0.906679764243615, "_timestamp": 1691114589.7455087, "_runtime": 12672.297751665115, "_step": 34, "test/test_loss": 0.44525994509458544, "test/test_acc": 0.9169722367731796, "test/test_precision": 0.9033706784248352, "test/test_recall": 0.9151926040649414, "test/test_f1": 0.9171614646911621, "_wandb": {"runtime": 12671}}