{"train/train_loss": 0.44229573868839434, "train/train_acc": 0.9210687156203615, "val/val_loss": 0.4508919390539328, "val/val_acc": 0.9094957432874918, "_timestamp": 1690495253.185142, "_runtime": 13906.755106925964, "_step": 39, "test/test_loss": 0.4503553944329421, "test/test_acc": 0.9095075955997904, "test/test_precision": 0.891525149345398, "test/test_recall": 0.9106682538986206, "test/test_f1": 0.9098828434944153, "_wandb": {"runtime": 13906}}