{"train/train_loss": 0.47131106631526387, "train/train_acc": 0.8820129987066778, "val/val_loss": 0.4678234120210012, "val/val_acc": 0.8852652259332023, "_timestamp": 1689764179.199825, "_runtime": 272.62698793411255, "_step": 3, "test/test_loss": 0.4707483688990275, "test/test_acc": 0.8822682032477737, "test/test_precision": 0.85946124792099, "test/test_recall": 0.8800802230834961, "test/test_f1": 0.8822606801986694, "_wandb": {"runtime": 271}}