{"train/train_loss": 0.4734498938880705, "train/train_acc": 0.879999345153316, "val/val_loss": 0.47974802503983177, "val/val_acc": 0.8713817943680419, "_timestamp": 1689791521.6537745, "_runtime": 848.9248614311218, "_step": 3, "test/test_loss": 0.47327297876278557, "test/test_acc": 0.8799109481403876, "test/test_precision": 0.8674124479293823, "test/test_recall": 0.8702000379562378, "test/test_f1": 0.8799169063568115, "_wandb": {"runtime": 848}}