{"train/train_loss": 0.47400589399507354, "train/train_acc": 0.8790007039601854, "val/val_loss": 0.4684559533993403, "val/val_acc": 0.8844793713163065, "_timestamp": 1689761082.0429933, "_runtime": 309.89376521110535, "_step": 3, "test/test_loss": 0.46722684502601625, "test/test_acc": 0.8869827134625459, "test/test_precision": 0.8716223835945129, "test/test_recall": 0.8796187043190002, "test/test_f1": 0.8867436051368713, "_wandb": {"runtime": 308}}