{"train/train_loss": 0.4489052775140587, "train/train_acc": 0.9117757804953915, "val/val_loss": 0.453929074605306, "val/val_acc": 0.9051735428945645, "_timestamp": 1690300286.900541, "_runtime": 832.2288670539856, "_step": 15}