{"train/train_loss": 0.47268094920463644, "train/train_acc": 0.8808015323412406, "val/val_loss": 0.47267002910375594, "val/val_acc": 0.8796332678454486, "_timestamp": 1689792479.0474906, "_runtime": 854.5891447067261, "_step": 3, "test/test_loss": 0.46880872050921124, "test/test_acc": 0.8851492928234678, "test/test_precision": 0.8613000512123108, "test/test_recall": 0.8876893520355225, "test/test_f1": 0.8849888443946838, "_wandb": {"runtime": 853}}