{"train/train_loss": 0.44173155708352946, "train/train_acc": 0.9215707674845018, "val/val_loss": 0.45578151096900305, "val/val_acc": 0.9030779305828421, "_timestamp": 1690531886.2968016, "_runtime": 11570.109646558762, "_step": 35, "test/test_loss": 0.4485249442358812, "test/test_acc": 0.9129125196437926, "test/test_precision": 0.896827757358551, "test/test_recall": 0.9135791659355164, "test/test_f1": 0.9128385782241821}