{"train/train_loss": 0.4431444891005255, "train/train_acc": 0.9198463284728892, "val/val_loss": 0.45263009841243423, "val/val_acc": 0.9061558611656844, "_timestamp": 1690478416.217546, "_runtime": 15808.351161956787, "_step": 39, "test/test_loss": 0.44924644033114114, "test/test_acc": 0.911013619696176, "test/test_precision": 0.8926428556442261, "test/test_recall": 0.9120646715164185, "test/test_f1": 0.9115234613418579, "_wandb": {"runtime": 15807}}