{"train/train_loss": 0.44390847196792094, "train/train_acc": 0.9188422247446084, "val/val_loss": 0.4525696819027265, "val/val_acc": 0.9072691552062868, "_timestamp": 1691005783.7849615, "_runtime": 11598.520439386368, "_step": 34, "test/test_loss": 0.44132240290443103, "test/test_acc": 0.9218831849135674, "test/test_precision": 0.9062225818634033, "test/test_recall": 0.923294723033905, "test/test_f1": 0.9221875071525574, "_wandb": {"runtime": 11597}}