{"train/train_loss": NaN, "train/train_acc": 0.6419029533101958, "val/val_loss": NaN, "val/val_acc": 0.6475442043222004, "_timestamp": 1687794764.6148195, "test/test_loss": NaN, "test/test_acc": 0.639161755075311, "_runtime": 147.86224555969238, "_step": 1, "_wandb": {"runtime": 147}}