{"train/train_loss": NaN, "train/train_acc": 0.6437201231091612, "val/val_loss": NaN, "val/val_acc": 0.6485920104780616, "_timestamp": 1688118006.5850198, "test/test_loss": NaN, "test/test_acc": 0.6344466273739359, "_runtime": 149.93698477745056, "_step": 1, "_wandb": {"runtime": 149}}