{"train/train_loss": NaN, "train/train_acc": 0.644980682339074, "val/val_loss": NaN, "val/val_acc": 0.6371971185330714, "_timestamp": 1687537236.38539, "test/test_loss": NaN, "test/test_acc": 0.6357563850687623, "_runtime": 78.6097309589386, "_step": 1, "_wandb": {"runtime": 77}}