{"train/train_loss": 0.4421531367875542, "train/train_acc": 0.9208290359019694, "val/val_loss": 0.4505291149020195, "val/val_acc": 0.9094957432874918, "_timestamp": 1691318087.4575646, "_runtime": 2668.9550275802612, "_step": 26, "test/test_loss": 0.4508964841564496, "test/test_acc": 0.9096385542168675, "test/test_precision": 0.8893841505050659, "test/test_recall": 0.9106568098068237, "test/test_f1": 0.9096106886863708, "_wandb": {"runtime": 2668}}