{"train/train_loss": 0.4720063989506606, "train/train_acc": 0.8806378206702355, "val/val_loss": 0.4690662314494451, "val/val_acc": 0.8848722986247545, "_timestamp": 1689766880.0802596, "_runtime": 298.79976058006287, "_step": 3, "test/test_loss": 0.4654417564471563, "test/test_acc": 0.8892090099528549, "test/test_precision": 0.867716908454895, "test/test_recall": 0.8857495188713074, "test/test_f1": 0.8894346356391907, "_wandb": {"runtime": 297}}