{"train/train_loss": 0.44484666247940596, "train/train_acc": 0.9171177857329957, "val/val_loss": 0.4505292388300101, "val/val_acc": 0.9090373280943026, "_timestamp": 1691018696.7417476, "_runtime": 11437.178703546524, "_step": 34, "test/test_loss": 0.44698692659537, "test/test_acc": 0.9144185437401781, "test/test_precision": 0.8939241170883179, "test/test_recall": 0.9195383191108704, "test/test_f1": 0.91462242603302, "_wandb": {"runtime": 11436}}