{"train/train_loss": 0.4717164822078649, "train/train_acc": 0.8804086243308286, "val/val_loss": 0.4697863255937894, "val/val_acc": 0.8850032743942371, "_timestamp": 1689757657.8556728, "_runtime": 198.23530983924866, "_step": 2, "test/test_loss": 0.4728079929947853, "test/test_acc": 0.8788632792037716, "test/test_precision": 0.8508116602897644, "test/test_recall": 0.8850002884864807, "test/test_f1": 0.8787388801574707, "_wandb": {"runtime": 197}}