{"train/train_loss": 0.4416114430687281, "train/train_acc": 0.9220509910067232, "val/val_loss": 0.45220084488391876, "val/val_acc": 0.9072036673215456, "_timestamp": 1690317814.9220185, "_runtime": 14740.414575576782, "_step": 39, "test/test_loss": 0.451418849080801, "test/test_acc": 0.9083944473546359, "test/test_precision": 0.902199387550354, "test/test_recall": 0.8985971212387085, "test/test_f1": 0.9080599546432495, "_wandb": {"runtime": 14739}}