{"train/train_loss": NaN, "train/train_acc": 0.6423777093837993, "val/val_loss": NaN, "val/val_acc": 0.6461034708578913, "_timestamp": 1687794575.0145068, "_runtime": 461.79839181900024, "_step": 3, "test/test_loss": NaN, "test/test_acc": 0.647675180091683, "_wandb": {"runtime": 461}}