{"train/train_loss": 0.4452058089345527, "train/train_acc": 0.9169868156814809, "val/val_loss": 0.4510718969007333, "val/val_acc": 0.9093647675180092, "_timestamp": 1691113279.59702, "_runtime": 11483.347795009613, "_step": 34, "test/test_loss": 0.44695541883508366, "test/test_acc": 0.9143530644316396, "test/test_precision": 0.9064105153083801, "test/test_recall": 0.907085120677948, "test/test_f1": 0.9148437976837158, "_wandb": {"runtime": 11482}}