{"train/train_loss": 0.44166752795933345, "train/train_acc": 0.9222474460839954, "val/val_loss": 0.4530507584412893, "val/val_acc": 0.906090373280943, "_timestamp": 1690586540.3726563, "_runtime": 19713.002782344818, "_step": 39, "test/test_loss": 0.45308203746875125, "test/test_acc": 0.9064300680984809, "test/test_precision": 0.8865025639533997, "test/test_recall": 0.9063277244567871, "test/test_f1": 0.90639328956604, "_wandb": {"runtime": 19712}}