{"train/train_loss": 0.44789376380390294, "train/train_acc": 0.9135379376582555, "val/val_loss": 0.46201672206322353, "val/val_acc": 0.8936476751800917, "_timestamp": 1691087487.793163, "_runtime": 12108.357364177704, "_step": 34, "test/test_loss": 0.4464203839500745, "test/test_acc": 0.9152697747511787, "test/test_precision": 0.9071934223175049, "test/test_recall": 0.9076520204544067, "test/test_f1": 0.9154687523841858, "_wandb": {"runtime": 12107}}