{"train/train_loss": NaN, "train/train_acc": 0.6434745596228145, "val/val_loss": NaN, "val/val_acc": 0.6379829731499672, "_timestamp": 1687537104.3787324, "test/test_loss": NaN, "test/test_acc": 0.6470203012442698, "_runtime": 69.75477147102356, "_step": 1, "_wandb": {"runtime": 69}}