{"train/train_loss": 0.4437202263477794, "train/train_acc": 0.9189950231380425, "val/val_loss": 0.45157620708147683, "val/val_acc": 0.9086444007858546, "_timestamp": 1690422358.8174694, "_runtime": 9521.206454277039, "_step": 36, "test/test_loss": 0.4475877396762371, "test/test_acc": 0.9138292299633316, "test/test_precision": 0.9020395874977112, "test/test_recall": 0.9093564748764038, "test/test_f1": 0.9140364527702332}