{"train/train_loss": 0.445109772782086, "train/train_acc": 0.9173797258360255, "val/val_loss": 0.45108846624692284, "val/val_acc": 0.9089063523248199, "_timestamp": 1691041721.9397569, "_runtime": 11495.259589910507, "_step": 34, "test/test_loss": 0.44398265704512596, "test/test_acc": 0.9186092194866422, "test/test_precision": 0.9009524583816528, "test/test_recall": 0.9218022227287292, "test/test_f1": 0.9190755486488342, "_wandb": {"runtime": 11494}}