{"train/train_loss": 0.44247523416354, "train/train_acc": 0.9212433423557147, "val/val_loss": 0.45337170908848445, "val/val_acc": 0.9056974459724951, "_timestamp": 1690445769.9724789, "_runtime": 12265.04875087738, "_step": 38, "test/test_loss": 0.4523397728800774, "test/test_acc": 0.9064955474070194, "test/test_precision": 0.8972791433334351, "test/test_recall": 0.8994391560554504, "test/test_f1": 0.9068880677223206}