{"train/train_loss": 0.4400952790536028, "train/train_acc": 0.924102855147123, "val/val_loss": 0.4510762746135394, "val/val_acc": 0.9082514734774066, "_timestamp": 1691253547.7813985, "_runtime": 3276.7857065200806, "_step": 36, "test/test_loss": 0.452992249528567, "test/test_acc": 0.9066265060240963, "test/test_precision": 0.8822017908096313, "test/test_recall": 0.9115843772888184, "test/test_f1": 0.9063020944595337, "_wandb": {"runtime": 3276}}