{"train/train_loss": 0.4388994085056156, "train/train_acc": 0.9254998690299485, "val/val_loss": 0.45076412757237755, "val/val_acc": 0.9090373280943026, "_timestamp": 1690399534.1500618, "_runtime": 14076.825941801071, "_step": 39, "test/test_loss": 0.4518788196146488, "test/test_acc": 0.9078051335777895, "test/test_precision": 0.892483115196228, "test/test_recall": 0.9054375290870667, "test/test_f1": 0.9076172113418579, "_wandb": {"runtime": 14076}}