{"train/train_loss": 0.4444725715747759, "train/train_acc": 0.9182092028289531, "val/val_loss": 0.449096409479777, "val/val_acc": 0.9116568434839555, "_timestamp": 1690992741.5764487, "_runtime": 11474.213006734848, "_step": 34, "test/test_loss": 0.4439364865422249, "test/test_acc": 0.9195914091147197, "test/test_precision": 0.90301913022995, "test/test_recall": 0.920157790184021, "test/test_f1": 0.9193359613418579, "_wandb": {"runtime": 11473}}