{"train/train_loss": 0.44180585227532093, "train/train_acc": 0.921745394219855, "val/val_loss": 0.4497940321763357, "val/val_acc": 0.9107400130975769, "_timestamp": 1690301821.8177369, "_runtime": 1395.1944417953491, "_step": 30, "test/test_loss": 0.45180598298708596, "test/test_acc": 0.9084599266631744, "test/test_precision": 0.8879050016403198, "test/test_recall": 0.9087089896202087, "test/test_f1": 0.9078386425971985}