{"train/train_loss": 0.44377602703411484, "train/train_acc": 0.9196498733956169, "val/val_loss": 0.4552013757328192, "val/val_acc": 0.9038637851997381, "_timestamp": 1691177378.6342943, "_runtime": 12724.032008171082, "_step": 34, "test/test_loss": 0.44251029069224995, "test/test_acc": 0.9216212676794133, "test/test_precision": 0.9060558676719666, "test/test_recall": 0.9205026030540466, "test/test_f1": 0.9216406941413879, "_wandb": {"runtime": 12723}}