{"train/train_loss": NaN, "train/train_acc": 0.6416573898238491, "val/val_loss": NaN, "val/val_acc": 0.645841519318926, "_timestamp": 1687795343.4188285, "test/test_loss": NaN, "test/test_acc": 0.6537000654878847, "_runtime": 166.0707094669342, "_step": 1, "_wandb": {"runtime": 165}}